<?xml version="1.0" encoding="UTF-8"?>
<idaxs xmlns="http://ida.loni.usc.edu" 
       xmlns:xsi="http://www.w3.org/2001/XMLSchema-instance"
       xsi:schemaLocation="/xsds/idaxs_2_0.xsd">
<project xmlns="">
 <projectIdentifier>PPMI</projectIdentifier>
 <projectDescription>Parkinson&#039;s Progression Markers Initiative</projectDescription>
 <siteKey>034</siteKey>
 <subject>
  <subjectIdentifier>3419</subjectIdentifier>
  <researchGroup>PD</researchGroup>
  <subjectSex>F</subjectSex>
  <visit>
   <visitIdentifier>Screening</visitIdentifier>
  </visit>
  <study>
   <studyIdentifier>38236</studyIdentifier>
   <subjectAge>67.72</subjectAge>
   <ageQualifier>Y</ageQualifier>
   <weightKg>53.5</weightKg>
   <postMortem>F</postMortem>
   <series>
    <seriesIdentifier>124338</seriesIdentifier>
    <modality>SPECT</modality>
    <dateAcquired>2011-08-23</dateAcquired>
    <seriesLevelMeta>
     <derivedProduct>
      <imageUID>389221</imageUID>
      <processedDataLabel>Reconstructed DaTSCAN</processedDataLabel>
      <imageType>image volume</imageType>
      <tissue>All</tissue>
      <hemisphere>Both</hemisphere>
      <anatomicStructure>Brain</anatomicStructure>
      <registration>native</registration>
      <relatedImage>
       <imageUID>259440</imageUID>
       <relation>derived from</relation>
      </relatedImage>
      <provenanceDetail>
       <step>1</step>
       <process>Reconstruction</process>
       <package>HERMES</package>
       <program>HOSEM</program>
       <programVersion>1</programVersion>
       <timestamp>2000-01-01T00:00:00</timestamp>
       <platform>SUN</platform>
       <operatingSystem>Solaris</operatingSystem>
      </provenanceDetail>
      <provenanceDetail>
       <step>2</step>
       <process>Attenuation Correction</process>
       <package>PMOD</package>
       <timestamp>2000-01-01T00:00:00</timestamp>
       <platform>Windows</platform>
       <operatingSystem>Server 2008</operatingSystem>
      </provenanceDetail>
      <creationDate>2000-01-01</creationDate>
      <processingInstitution>IND</processingInstitution>
     </derivedProduct>
     <relatedImageDetail>
      <originalRelatedImage>
       <imageUID>259440</imageUID>
       <description>Raw Data</description>
       <protocolTerm>
        <protocol term="Manufacturer">Marconi Medical Systems, NM Division</protocol>
        <protocol term="Mgf Model">P3000XP</protocol>
        <protocol term="Rows">128.0</protocol>
        <protocol term="Columns">128.0</protocol>
        <protocol term="Pixel Spacing Row">3.56</protocol>
        <protocol term="Pixel Spacing Col">3.56</protocol>
        <protocol term="Rotations">1.0</protocol>
        <protocol term="Scan Arc">360.0</protocol>
        <protocol term="Angular Step">3.0</protocol>
        <protocol term="Frame Duration">15000.0</protocol>
        <protocol term="Radiopharmaceutical">DAT</protocol>
        <protocol term="Radionuclide Dose">0.0</protocol>
        <protocol term="Detector">STEP AND SHOOT</protocol>
        <protocol term="Collimator Name">LEHR-FAN</protocol>
        <protocol term="Collimator Type">FANB</protocol>
       </protocolTerm>
      </originalRelatedImage>
     </relatedImageDetail>
    </seriesLevelMeta>
   </series>
  </study>
 </subject>
</project>
</idaxs>