<?xml version="1.0" encoding="UTF-8"?>
<idaxs xmlns="http://ida.loni.usc.edu" 
       xmlns:xsi="http://www.w3.org/2001/XMLSchema-instance"
       xsi:schemaLocation="/xsds/idaxs_2_0.xsd">
<project xmlns="">
 <projectIdentifier>PPMI</projectIdentifier>
 <projectDescription>Parkinson&#039;s Progression Markers Initiative</projectDescription>
 <siteKey>007</siteKey>
 <subject>
  <subjectIdentifier>3124</subjectIdentifier>
  <researchGroup>PD</researchGroup>
  <subjectSex>M</subjectSex>
  <visit>
   <visitIdentifier>Screening</visitIdentifier>
  </visit>
  <study>
   <studyIdentifier>47283</studyIdentifier>
   <subjectAge>57.13</subjectAge>
   <ageQualifier>Y</ageQualifier>
   <weightKg>0.0</weightKg>
   <postMortem>F</postMortem>
   <series>
    <seriesIdentifier>156439</seriesIdentifier>
    <modality>SPECT</modality>
    <dateAcquired>2012-05-22</dateAcquired>
    <seriesLevelMeta>
     <derivedProduct>
      <imageUID>389193</imageUID>
      <processedDataLabel>Reconstructed DaTSCAN</processedDataLabel>
      <imageType>image volume</imageType>
      <tissue>All</tissue>
      <hemisphere>Both</hemisphere>
      <anatomicStructure>Brain</anatomicStructure>
      <registration>native</registration>
      <relatedImage>
       <imageUID>314107</imageUID>
       <relation>derived from</relation>
      </relatedImage>
      <provenanceDetail>
       <step>1</step>
       <process>Reconstruction</process>
       <package>HERMES</package>
       <program>HOSEM</program>
       <programVersion>1</programVersion>
       <timestamp>2000-01-01T00:00:00</timestamp>
       <platform>SUN</platform>
       <operatingSystem>Solaris</operatingSystem>
      </provenanceDetail>
      <provenanceDetail>
       <step>2</step>
       <process>Attenuation Correction</process>
       <package>PMOD</package>
       <timestamp>2000-01-01T00:00:00</timestamp>
       <platform>Windows</platform>
       <operatingSystem>Server 2008</operatingSystem>
      </provenanceDetail>
      <creationDate>2000-01-01</creationDate>
      <processingInstitution>IND</processingInstitution>
     </derivedProduct>
     <relatedImageDetail>
      <originalRelatedImage>
       <imageUID>314107</imageUID>
       <description>007-3124_1</description>
       <protocolTerm>
        <protocol term="Manufacturer">SIEMENS NM</protocol>
        <protocol term="Mgf Model">IP2</protocol>
        <protocol term="Rows">128.0</protocol>
        <protocol term="Columns">128.0</protocol>
        <protocol term="Pixel Spacing Row">4.7952</protocol>
        <protocol term="Pixel Spacing Col">4.7952</protocol>
        <protocol term="Rotations">1.0</protocol>
        <protocol term="Scan Arc">360.0</protocol>
        <protocol term="Angular Step">4.0</protocol>
        <protocol term="Frame Duration">20018.0</protocol>
        <protocol term="Radiopharmaceutical">DAT</protocol>
        <protocol term="Radionuclide Dose">185.0</protocol>
        <protocol term="Detector">STEP AND SHOOT</protocol>
        <protocol term="Collimator Name">@18899723</protocol>
        <protocol term="Collimator Type">PARA|PARA</protocol>
       </protocolTerm>
      </originalRelatedImage>
     </relatedImageDetail>
    </seriesLevelMeta>
   </series>
  </study>
 </subject>
</project>
</idaxs>